[
    
	 {
	"sec":"Spark",
        "name": "ITVersity",
        "url": "http://www.itversity.com/lessons/apache-spark-getting-started",
		"desc":"Best for Spark"
    },
	{
	"sec":"Spark",
        "name": "Spark Sql 2.0 Misc",
        "url": "https://jaceklaskowski.gitbooks.io/mastering-apache-spark/content/spark-sql.html",
		"desc":"Spark Sql Extras"
    },
	 {
	"sec":"Spark",
        "name": "Getting Started Apache Spark",
        "url": "https://www.youtube.com/playlist?list=PLf0swTFhTI8rjBS9zJGReO1IWLf7Lpi7g",
		"desc":"Getting Started Apache Spark Video Tutorial"
    },
	 {
	"sec":"Spark",
        "name": "Spark Basic",
        "url": "http://apachesparkbook.blogspot.in",
		"desc":"Spark Basic"
    },
	{
	"sec":"Spark",
        "name": "Spark Data API Video Tutorial",
        "url": "https://www.youtube.com/playlist?list=PLf0swTFhTI8qhCbBLZeFPvLyf5gnA_uwr",
		"desc":"Spark Data API Video Tutorial"
    },
	{
	"sec":"Spark",
        "name": "Spark Transfer and Actions",
        "url": "https://www.youtube.com/playlist?list=PLnQL3JwXMDv3ToYko3d5AJ0V6a_RPS-ml",
		"desc":"Best Understanding Spark Transfer and Actions from HadoopExam.com"
    }
	,
	{
	"sec":"Spark",
        "name": "Spark Big Data Training",
        "url": "https://www.youtube.com/playlist?list=PLLTwb5TR16majz5Y5-ykMQClp68yq4VLG",
		"desc":"Spark Big Data Training"
    },
	{
	"sec":"Spark",
        "name": "Spark using Scala,Python",
        "url": "https://www.youtube.com/playlist?list=PLf0swTFhTI8rJvGpOp-LujOcpk-Rlz-yE",
		"desc":"Spark using Scala,Python video Tutorial"
    },
	{
	"sec":"Spark",
        "name": "sparkshell Transformations And Actions",
        "url": "https://www.youtube.com/watch?v=j97HrHyZO8c&index=16&list=PLf0swTFhTI8rPoYMMZGs44FZX4qGbfjTu#t=4056.552071",
		"desc":"sparkshell Transformations And Actions"
    },
    {
	"sec":"Spark",
        "name": "Spark Streaming",
        "url": "https://www.youtube.com/playlist?list=PLf0swTFhTI8pQcKpwJHs4irN-0YOPwhvm",
		"desc":"Spark Streaming"
    },
    {
	"sec":"Spark",
        "name": "Best Practices Spark",
        "url": "https://databricks.gitbooks.io/databricks-spark-knowledge-base/content/best_practices/prefer_reducebykey_over_groupbykey.html",
		"desc":"Best Practices Spark"
    }, 
	{
	"sec":"Scala",
        "name": "Scala Basics",
        "url": "http://scalaexamples.blogspot.in",
		"desc":"Scala Basics"
    },
    {
		"sec":"Java",
        "name": "Tutorial Point",
        "url": "http://www.tutorialspoint.com",
		"desc":"Jsp,Servlet,Spring,Hibernate,WebService,Struts2"
    },
	{
		"sec":"Java",
        "name": "JournalDev",
        "url": "http://www.journaldev.com",
		"desc":"Java Spring,Hibernate,WebService,Struts2"
    },
    {
		"sec":"Java",
        "name": "JavaTPoint",
        "url": "http://www.javatpoint.com",
		"desc":"Jsp,Servlet,Spring,Hibernate,WebService,Struts2"
    },    
    {"sec":"Java",
        "name": "MkYoung",
        "url": "http://www.mkyong.com",
		"desc":"Java Spring,Hibernate,WebService,Struts2"
    },
	{"sec":"Java",
        "name": "java4s",    
        "url": "http://www.java4s.com",
		"desc":"Java Spring,Hibernate,WebService,Struts2"
    },
    {"sec":"Java",
        "name": "SimpleCodeStuff",
        "url": "http://www.simplecodestuffs.com",
		"desc":"Java Spring,Hibernate,WebService,Struts2"
    }
	,
    {"sec":"Java",
        "name": "W3CSchool",
        "url": "http://www.w3schools.com",
		"desc":"HTML,CSS,Sql,Bootstrap"
    },
    {"sec":"Java",
        "name": "JquerybyExample",
        "url": "http://www.jquerybyexample.net",
		"desc":"Jquery"
    }	
   , 
	{
	"sec":"Online Shoping",
        "name": "FlipKart",
        "url": "https://www.flipkart.com",
		"desc":"Best for Electronics Product"
    }
	, 
	{
	"sec":"Online Shoping",
        "name": "Amazon",
        "url": "http://www.amazon.in",
		"desc":"Best for Electronics Product,Books"
    }, 
	{
	"sec":"Online Shoping",
        "name": "Mintra",
        "url": "http://www.myntra.com",
		"desc":"Best for Fashion Items"
    }, 
	{
	"sec":"Online Shoping",
        "name": "Snapdeal",
        "url": "http://www.snapdeal.com",
		"desc":"Best for Electronics Product"
    }
	, 
	{
	"sec":"Hadoop",
        "name": "Hadoop Administration",
        "url": "https://www.youtube.com/playlist?list=PLf0swTFhTI8qKo5rHQ5XmcAWjkMZnfo6I",
		"desc":"Hadoop Administration Fundamental"
    }, 
	{
	"sec":"Hadoop",
        "name": "Hadoop MR",
        "url": "https://www.youtube.com/playlist?list=PLf0swTFhTI8p7ZYBB5DmRHK3L6aq8Mvcv",
		"desc":"Hadoop MR Video Tutorial"
    }, 
	{
	"sec":"Hadoop",
        "name": "Hadoop Sqoop & Hive",
        "url": "https://www.youtube.com/playlist?list=PLf0swTFhTI8q5X0ZBeUaK1yl_TP-tJInC",
		"desc":"Hadoop Sqoop & Hive"
    },  
	{
	"sec":"Hadoop",
        "name": "Apache Pig",
        "url": "https://www.youtube.com/playlist?list=PLf0swTFhTI8rD2YwBTcXy7aLTtXXomevI",
		"desc":"Apache PIG Video Tutorial"
    }, 
{
	"sec":"Hadoop",
        "name": "HDFS",
        "url": "https://www.youtube.com/playlist?list=PLf0swTFhTI8rG963A9hsXLrzIXbt_jwgV",
		"desc":"HDFS Video Tutorial"
    }, 	
	{
	"sec":"Hadoop",
        "name": "Apache Hive",
        "url": "https://www.youtube.com/playlist?list=PLf0swTFhTI8o6PhuwMO6rx4-m3CnZ7uBp",
		"desc":"Apache Hive Video Tutorial"
    }, 
	 {
	"sec":"Hadoop",
        "name": "Apache Oozie",
        "url": "https://www.youtube.com/playlist?list=PLf0swTFhTI8pH1wHiMMTLQCYFSIhrBAqZ",
		"desc":"Apache Oozie Video Tutorial"
    }, 
	{
	"sec":"Hadoop",
        "name": "Apache Sqoop",
        "url": "https://www.youtube.com/playlist?list=PLf0swTFhTI8qZPHwjy4Hrh_NUlhLku5cx",
		"desc":"Apache Sqoop Video Tutorial"
    }, 
	{
	"sec":"Hadoop",
        "name": "HBase",
        "url": "https://www.youtube.com/playlist?list=PLf0swTFhTI8r6wUT9dcSQ-sLeaIMbbLm_",
		"desc":"HBase Video Tutorial"
    }, 
	{
	"sec":"Spark",
        "name": "Spark API",
        "url": "https://www.youtube.com/playlist?list=PLf0swTFhTI8rJvGpOp-LujOcpk-Rlz-yE",
		"desc":"Spark API Video Tutorial"
    }
]